fileName;maxDepth
AE_2021-01-13 12:39:58_2021-01-13 13:08:04_20.16.jpg;252
AE_2021-01-13 13:08:06_2021-01-13 13:36:18_57.28.jpg;252
AE_2021-01-13 13:36:19_2021-01-13 14:04:35_27.11.jpg;252
AE_2021-01-13 14:04:36_2021-01-13 14:32:43_21.8.jpg;252
AE_2021-01-13 14:32:44_2021-01-13 15:04:27_12.79.jpg;252
AE_2021-01-13 15:04:29_2021-01-13 15:32:35_16.71.jpg;252
AE_2021-01-13 15:32:37_2021-01-13 16:00:42_34.21.jpg;252
AE_2021-01-13 16:00:43_2021-01-13 16:28:49_51.69.jpg;252
AE_2021-01-13 16:28:51_2021-01-13 16:56:55_44.0.jpg;252
AE_2021-01-13 16:56:57_2021-01-13 17:25:48_14.12.jpg;252
AE_2021-01-13 17:25:49_2021-01-13 17:54:02_21.49.jpg;252
AE_2021-01-13 17:54:04_2021-01-13 18:22:10_34.24.jpg;252
AE_2021-01-13 18:22:11_2021-01-13 18:50:18_44.1.jpg;252
AE_2021-01-13 18:50:19_2021-01-13 19:18:25_37.54.jpg;252
AE_2021-01-13 19:18:26_2021-01-13 19:46:31_20.34.jpg;252
AE_2021-01-13 19:46:33_2021-01-13 20:14:42_13.91.jpg;252
AE_2021-01-13 20:14:43_2021-01-13 20:42:50_13.76.jpg;252
AE_2021-01-13 20:42:51_2021-01-13 21:10:58_16.21.jpg;252
AE_2021-01-13 21:11:00_2021-01-13 21:39:04_18.26.jpg;252
AE_2021-01-13 21:39:06_2021-01-13 22:07:10_24.96.jpg;252
AE_2021-01-13 22:07:12_2021-01-13 22:35:17_32.51.jpg;252
AE_2021-01-13 22:35:18_2021-01-13 23:03:27_17.24.jpg;252
AE_2021-01-13 23:03:28_2021-01-13 23:31:33_33.21.jpg;252
AE_2021-01-13 23:31:35_2021-01-13 23:59:40_25.92.jpg;252
AE_2021-01-13 23:59:42_2021-01-14 00:27:47_20.34.jpg;252
AE_2021-01-14 00:27:49_2021-01-14 00:55:57_16.05.jpg;252
AE_2021-01-14 00:55:59_2021-01-14 01:24:18_12.88.jpg;252
AE_2021-01-14 01:24:19_2021-01-14 01:52:24_18.49.jpg;252
AE_2021-01-14 01:52:26_2021-01-14 02:20:31_17.07.jpg;252
AE_2021-01-14 02:20:33_2021-01-14 02:49:27_20.54.jpg;252
AE_2021-01-14 02:49:29_2021-01-14 03:22:48_16.52.jpg;252
AE_2021-01-14 03:22:50_2021-01-14 03:41:06_16.34.jpg;252
AE_2021-01-14 03:41:07_2021-01-14 03:55:09_15.24.jpg;252
AE_2021-01-14 03:55:10_2021-01-14 04:07:26_16.04.jpg;252
AE_2021-01-14 04:07:26_2021-01-14 04:16:54_17.96.jpg;252
AE_2021-01-14 04:16:55_2021-01-14 04:26:16_22.2.jpg;252
AE_2021-01-14 04:26:17_2021-01-14 04:35:43_21.94.jpg;252
AE_2021-01-14 04:35:44_2021-01-14 04:49:07_16.34.jpg;252
AE_2021-01-14 04:49:08_2021-01-14 05:03:01_15.81.jpg;252
AE_2021-01-14 05:03:02_2021-01-14 05:17:05_15.97.jpg;252
AE_2021-01-14 05:17:06_2021-01-14 05:36:50_15.62.jpg;252
AE_2021-01-14 05:36:52_2021-01-14 06:09:17_17.02.jpg;252
AE_2021-01-14 06:09:19_2021-01-14 06:37:23_19.01.jpg;252
AE_2021-01-14 06:37:25_2021-01-14 07:05:32_28.72.jpg;252
AE_2021-01-14 07:05:34_2021-01-14 07:33:39_23.52.jpg;252
AE_2021-01-14 07:33:40_2021-01-14 08:01:45_28.69.jpg;252
AE_2021-01-14 08:01:47_2021-01-14 08:29:52_32.49.jpg;252
AE_2021-01-14 08:29:54_2021-01-14 08:57:59_22.84.jpg;252
AE_2021-01-14 08:58:01_2021-01-14 09:26:14_26.41.jpg;252
AE_2021-01-14 09:26:15_2021-01-14 09:54:27_30.29.jpg;252
AE_2021-01-14 09:54:29_2021-01-14 10:22:34_38.21.jpg;252
AE_2021-01-14 10:22:35_2021-01-14 10:50:42_23.41.jpg;252
AE_2021-01-14 10:50:44_2021-01-14 11:23:08_28.62.jpg;252
AE_2021-01-14 11:23:10_2021-01-14 11:50:20_33.14.jpg;252
AE_2021-01-14 11:50:22_2021-01-14 12:18:27_39.78.jpg;252
AE_2021-01-14 12:18:28_2021-01-14 12:46:41_19.55.jpg;252
AE_2021-01-14 12:46:43_2021-01-14 13:14:52_21.39.jpg;252
AE_2021-01-14 13:14:53_2021-01-14 13:43:04_15.25.jpg;252
AE_2021-01-14 13:43:06_2021-01-14 14:11:16_18.1.jpg;252
AE_2021-01-14 14:11:18_2021-01-14 14:39:23_29.4.jpg;252
AE_2021-01-14 14:39:25_2021-01-14 15:07:29_41.42.jpg;252
AE_2021-01-14 15:07:31_2021-01-14 15:35:36_43.6.jpg;252
AE_2021-01-14 15:35:37_2021-01-14 16:03:42_25.94.jpg;252
AE_2021-01-14 16:03:43_2021-01-14 16:31:54_21.45.jpg;252
AE_2021-01-14 16:31:56_2021-01-14 17:00:05_20.33.jpg;252
AE_2021-01-14 17:00:07_2021-01-14 17:28:13_15.91.jpg;252
AE_2021-01-14 17:28:15_2021-01-14 17:56:36_14.41.jpg;252
AE_2021-01-14 17:56:38_2021-01-14 18:24:51_12.22.jpg;252
AE_2021-01-14 18:24:53_2021-01-14 18:53:18_4.38.jpg;252
AE_2021-01-14 18:53:20_2021-01-14 19:21:30_12.44.jpg;252